--
-- PostgreSQL database dump
--

\restrict RgK4VmfuqhdlOp0pxAGXhYvCKruWwfCqbJ8WOb8DraGxpK6af44YxkhDDugQe3V

-- Dumped from database version 17.6 (Debian 17.6-1.pgdg13+1)
-- Dumped by pg_dump version 17.6 (Debian 17.6-1.pgdg13+1)

SET statement_timeout = 0;
SET lock_timeout = 0;
SET idle_in_transaction_session_timeout = 0;
SET transaction_timeout = 0;
SET client_encoding = 'UTF8';
SET standard_conforming_strings = on;
SELECT pg_catalog.set_config('search_path', '', false);
SET check_function_bodies = false;
SET xmloption = content;
SET client_min_messages = warning;
SET row_security = off;

SET default_tablespace = '';

SET default_table_access_method = heap;

--
-- Name: auth_group; Type: TABLE; Schema: public; Owner: user
--

CREATE TABLE public.auth_group (
    id integer NOT NULL,
    name character varying(150) NOT NULL
);


ALTER TABLE public.auth_group OWNER TO "user";

--
-- Name: auth_group_id_seq; Type: SEQUENCE; Schema: public; Owner: user
--

ALTER TABLE public.auth_group ALTER COLUMN id ADD GENERATED BY DEFAULT AS IDENTITY (
    SEQUENCE NAME public.auth_group_id_seq
    START WITH 1
    INCREMENT BY 1
    NO MINVALUE
    NO MAXVALUE
    CACHE 1
);


--
-- Name: auth_group_permissions; Type: TABLE; Schema: public; Owner: user
--

CREATE TABLE public.auth_group_permissions (
    id bigint NOT NULL,
    group_id integer NOT NULL,
    permission_id integer NOT NULL
);


ALTER TABLE public.auth_group_permissions OWNER TO "user";

--
-- Name: auth_group_permissions_id_seq; Type: SEQUENCE; Schema: public; Owner: user
--

ALTER TABLE public.auth_group_permissions ALTER COLUMN id ADD GENERATED BY DEFAULT AS IDENTITY (
    SEQUENCE NAME public.auth_group_permissions_id_seq
    START WITH 1
    INCREMENT BY 1
    NO MINVALUE
    NO MAXVALUE
    CACHE 1
);


--
-- Name: auth_permission; Type: TABLE; Schema: public; Owner: user
--

CREATE TABLE public.auth_permission (
    id integer NOT NULL,
    name character varying(255) NOT NULL,
    content_type_id integer NOT NULL,
    codename character varying(100) NOT NULL
);


ALTER TABLE public.auth_permission OWNER TO "user";

--
-- Name: auth_permission_id_seq; Type: SEQUENCE; Schema: public; Owner: user
--

ALTER TABLE public.auth_permission ALTER COLUMN id ADD GENERATED BY DEFAULT AS IDENTITY (
    SEQUENCE NAME public.auth_permission_id_seq
    START WITH 1
    INCREMENT BY 1
    NO MINVALUE
    NO MAXVALUE
    CACHE 1
);


--
-- Name: auth_user; Type: TABLE; Schema: public; Owner: user
--

CREATE TABLE public.auth_user (
    id integer NOT NULL,
    password character varying(128) NOT NULL,
    last_login timestamp with time zone,
    is_superuser boolean NOT NULL,
    username character varying(150) NOT NULL,
    first_name character varying(150) NOT NULL,
    last_name character varying(150) NOT NULL,
    email character varying(254) NOT NULL,
    is_staff boolean NOT NULL,
    is_active boolean NOT NULL,
    date_joined timestamp with time zone NOT NULL
);


ALTER TABLE public.auth_user OWNER TO "user";

--
-- Name: auth_user_groups; Type: TABLE; Schema: public; Owner: user
--

CREATE TABLE public.auth_user_groups (
    id bigint NOT NULL,
    user_id integer NOT NULL,
    group_id integer NOT NULL
);


ALTER TABLE public.auth_user_groups OWNER TO "user";

--
-- Name: auth_user_groups_id_seq; Type: SEQUENCE; Schema: public; Owner: user
--

ALTER TABLE public.auth_user_groups ALTER COLUMN id ADD GENERATED BY DEFAULT AS IDENTITY (
    SEQUENCE NAME public.auth_user_groups_id_seq
    START WITH 1
    INCREMENT BY 1
    NO MINVALUE
    NO MAXVALUE
    CACHE 1
);


--
-- Name: auth_user_id_seq; Type: SEQUENCE; Schema: public; Owner: user
--

ALTER TABLE public.auth_user ALTER COLUMN id ADD GENERATED BY DEFAULT AS IDENTITY (
    SEQUENCE NAME public.auth_user_id_seq
    START WITH 1
    INCREMENT BY 1
    NO MINVALUE
    NO MAXVALUE
    CACHE 1
);


--
-- Name: auth_user_user_permissions; Type: TABLE; Schema: public; Owner: user
--

CREATE TABLE public.auth_user_user_permissions (
    id bigint NOT NULL,
    user_id integer NOT NULL,
    permission_id integer NOT NULL
);


ALTER TABLE public.auth_user_user_permissions OWNER TO "user";

--
-- Name: auth_user_user_permissions_id_seq; Type: SEQUENCE; Schema: public; Owner: user
--

ALTER TABLE public.auth_user_user_permissions ALTER COLUMN id ADD GENERATED BY DEFAULT AS IDENTITY (
    SEQUENCE NAME public.auth_user_user_permissions_id_seq
    START WITH 1
    INCREMENT BY 1
    NO MINVALUE
    NO MAXVALUE
    CACHE 1
);


--
-- Name: django_admin_log; Type: TABLE; Schema: public; Owner: user
--

CREATE TABLE public.django_admin_log (
    id integer NOT NULL,
    action_time timestamp with time zone NOT NULL,
    object_id text,
    object_repr character varying(200) NOT NULL,
    action_flag smallint NOT NULL,
    change_message text NOT NULL,
    content_type_id integer,
    user_id integer NOT NULL,
    CONSTRAINT django_admin_log_action_flag_check CHECK ((action_flag >= 0))
);


ALTER TABLE public.django_admin_log OWNER TO "user";

--
-- Name: django_admin_log_id_seq; Type: SEQUENCE; Schema: public; Owner: user
--

ALTER TABLE public.django_admin_log ALTER COLUMN id ADD GENERATED BY DEFAULT AS IDENTITY (
    SEQUENCE NAME public.django_admin_log_id_seq
    START WITH 1
    INCREMENT BY 1
    NO MINVALUE
    NO MAXVALUE
    CACHE 1
);


--
-- Name: django_content_type; Type: TABLE; Schema: public; Owner: user
--

CREATE TABLE public.django_content_type (
    id integer NOT NULL,
    app_label character varying(100) NOT NULL,
    model character varying(100) NOT NULL
);


ALTER TABLE public.django_content_type OWNER TO "user";

--
-- Name: django_content_type_id_seq; Type: SEQUENCE; Schema: public; Owner: user
--

ALTER TABLE public.django_content_type ALTER COLUMN id ADD GENERATED BY DEFAULT AS IDENTITY (
    SEQUENCE NAME public.django_content_type_id_seq
    START WITH 1
    INCREMENT BY 1
    NO MINVALUE
    NO MAXVALUE
    CACHE 1
);


--
-- Name: django_migrations; Type: TABLE; Schema: public; Owner: user
--

CREATE TABLE public.django_migrations (
    id bigint NOT NULL,
    app character varying(255) NOT NULL,
    name character varying(255) NOT NULL,
    applied timestamp with time zone NOT NULL
);


ALTER TABLE public.django_migrations OWNER TO "user";

--
-- Name: django_migrations_id_seq; Type: SEQUENCE; Schema: public; Owner: user
--

ALTER TABLE public.django_migrations ALTER COLUMN id ADD GENERATED BY DEFAULT AS IDENTITY (
    SEQUENCE NAME public.django_migrations_id_seq
    START WITH 1
    INCREMENT BY 1
    NO MINVALUE
    NO MAXVALUE
    CACHE 1
);


--
-- Name: django_session; Type: TABLE; Schema: public; Owner: user
--

CREATE TABLE public.django_session (
    session_key character varying(40) NOT NULL,
    session_data text NOT NULL,
    expire_date timestamp with time zone NOT NULL
);


ALTER TABLE public.django_session OWNER TO "user";

--
-- Name: rcards_app_experiment; Type: TABLE; Schema: public; Owner: user
--

CREATE TABLE public.rcards_app_experiment (
    id integer NOT NULL,
    description text NOT NULL,
    created_at timestamp with time zone NOT NULL,
    updated_at timestamp with time zone NOT NULL,
    experiment_type character varying(3) NOT NULL,
    learning_rate double precision,
    batch_size integer,
    epochs integer,
    hypothesis_id integer NOT NULL
);


ALTER TABLE public.rcards_app_experiment OWNER TO "user";

--
-- Name: rcards_app_experiment_id_seq; Type: SEQUENCE; Schema: public; Owner: user
--

ALTER TABLE public.rcards_app_experiment ALTER COLUMN id ADD GENERATED BY DEFAULT AS IDENTITY (
    SEQUENCE NAME public.rcards_app_experiment_id_seq
    START WITH 1
    INCREMENT BY 1
    NO MINVALUE
    NO MAXVALUE
    CACHE 1
);


--
-- Name: rcards_app_hypotheses; Type: TABLE; Schema: public; Owner: user
--

CREATE TABLE public.rcards_app_hypotheses (
    id integer NOT NULL,
    title character varying(300) NOT NULL,
    commit text NOT NULL,
    description text NOT NULL,
    created_at timestamp with time zone NOT NULL,
    updated_at timestamp with time zone NOT NULL,
    project_id integer NOT NULL
);


ALTER TABLE public.rcards_app_hypotheses OWNER TO "user";

--
-- Name: rcards_app_hypotheses_id_seq; Type: SEQUENCE; Schema: public; Owner: user
--

ALTER TABLE public.rcards_app_hypotheses ALTER COLUMN id ADD GENERATED BY DEFAULT AS IDENTITY (
    SEQUENCE NAME public.rcards_app_hypotheses_id_seq
    START WITH 1
    INCREMENT BY 1
    NO MINVALUE
    NO MAXVALUE
    CACHE 1
);


--
-- Name: rcards_app_project; Type: TABLE; Schema: public; Owner: user
--

CREATE TABLE public.rcards_app_project (
    id integer NOT NULL,
    name character varying(200) NOT NULL,
    description text NOT NULL,
    created_at timestamp with time zone NOT NULL,
    updated_at timestamp with time zone NOT NULL,
    owner_id integer NOT NULL
);


ALTER TABLE public.rcards_app_project OWNER TO "user";

--
-- Name: rcards_app_project_associated_users; Type: TABLE; Schema: public; Owner: user
--

CREATE TABLE public.rcards_app_project_associated_users (
    id bigint NOT NULL,
    project_id integer NOT NULL,
    user_id integer NOT NULL
);


ALTER TABLE public.rcards_app_project_associated_users OWNER TO "user";

--
-- Name: rcards_app_project_associated_users_id_seq; Type: SEQUENCE; Schema: public; Owner: user
--

ALTER TABLE public.rcards_app_project_associated_users ALTER COLUMN id ADD GENERATED BY DEFAULT AS IDENTITY (
    SEQUENCE NAME public.rcards_app_project_associated_users_id_seq
    START WITH 1
    INCREMENT BY 1
    NO MINVALUE
    NO MAXVALUE
    CACHE 1
);


--
-- Name: rcards_app_project_id_seq; Type: SEQUENCE; Schema: public; Owner: user
--

ALTER TABLE public.rcards_app_project ALTER COLUMN id ADD GENERATED BY DEFAULT AS IDENTITY (
    SEQUENCE NAME public.rcards_app_project_id_seq
    START WITH 1
    INCREMENT BY 1
    NO MINVALUE
    NO MAXVALUE
    CACHE 1
);


--
-- Name: rcards_app_result; Type: TABLE; Schema: public; Owner: user
--

CREATE TABLE public.rcards_app_result (
    id integer NOT NULL,
    accuracy double precision,
    loss double precision,
    "ROC" double precision,
    "PR_AUC" double precision,
    weights_path text NOT NULL,
    training_time double precision,
    created_at timestamp with time zone NOT NULL,
    updated_at timestamp with time zone NOT NULL,
    comment text NOT NULL,
    experiment_id integer NOT NULL
);


ALTER TABLE public.rcards_app_result OWNER TO "user";

--
-- Name: rcards_app_result_id_seq; Type: SEQUENCE; Schema: public; Owner: user
--

ALTER TABLE public.rcards_app_result ALTER COLUMN id ADD GENERATED BY DEFAULT AS IDENTITY (
    SEQUENCE NAME public.rcards_app_result_id_seq
    START WITH 1
    INCREMENT BY 1
    NO MINVALUE
    NO MAXVALUE
    CACHE 1
);


--
-- Name: rcards_app_user; Type: TABLE; Schema: public; Owner: user
--

CREATE TABLE public.rcards_app_user (
    id integer NOT NULL,
    username character varying(150) NOT NULL,
    api_key character varying(255) NOT NULL
);


ALTER TABLE public.rcards_app_user OWNER TO "user";

--
-- Name: rcards_app_user_id_seq; Type: SEQUENCE; Schema: public; Owner: user
--

ALTER TABLE public.rcards_app_user ALTER COLUMN id ADD GENERATED BY DEFAULT AS IDENTITY (
    SEQUENCE NAME public.rcards_app_user_id_seq
    START WITH 1
    INCREMENT BY 1
    NO MINVALUE
    NO MAXVALUE
    CACHE 1
);


--
-- Data for Name: auth_group; Type: TABLE DATA; Schema: public; Owner: user
--

COPY public.auth_group (id, name) FROM stdin;
\.


--
-- Data for Name: auth_group_permissions; Type: TABLE DATA; Schema: public; Owner: user
--

COPY public.auth_group_permissions (id, group_id, permission_id) FROM stdin;
\.


--
-- Data for Name: auth_permission; Type: TABLE DATA; Schema: public; Owner: user
--

COPY public.auth_permission (id, name, content_type_id, codename) FROM stdin;
1	Can add hypotheses	1	add_hypotheses
2	Can change hypotheses	1	change_hypotheses
3	Can delete hypotheses	1	delete_hypotheses
4	Can view hypotheses	1	view_hypotheses
5	Can add project	2	add_project
6	Can change project	2	change_project
7	Can delete project	2	delete_project
8	Can view project	2	view_project
9	Can add user	3	add_user
10	Can change user	3	change_user
11	Can delete user	3	delete_user
12	Can view user	3	view_user
13	Can add experiment	4	add_experiment
14	Can change experiment	4	change_experiment
15	Can delete experiment	4	delete_experiment
16	Can view experiment	4	view_experiment
17	Can add result	5	add_result
18	Can change result	5	change_result
19	Can delete result	5	delete_result
20	Can view result	5	view_result
21	Can add log entry	6	add_logentry
22	Can change log entry	6	change_logentry
23	Can delete log entry	6	delete_logentry
24	Can view log entry	6	view_logentry
25	Can add permission	7	add_permission
26	Can change permission	7	change_permission
27	Can delete permission	7	delete_permission
28	Can view permission	7	view_permission
29	Can add group	8	add_group
30	Can change group	8	change_group
31	Can delete group	8	delete_group
32	Can view group	8	view_group
33	Can add user	9	add_user
34	Can change user	9	change_user
35	Can delete user	9	delete_user
36	Can view user	9	view_user
37	Can add content type	10	add_contenttype
38	Can change content type	10	change_contenttype
39	Can delete content type	10	delete_contenttype
40	Can view content type	10	view_contenttype
41	Can add session	11	add_session
42	Can change session	11	change_session
43	Can delete session	11	delete_session
44	Can view session	11	view_session
\.


--
-- Data for Name: auth_user; Type: TABLE DATA; Schema: public; Owner: user
--

COPY public.auth_user (id, password, last_login, is_superuser, username, first_name, last_name, email, is_staff, is_active, date_joined) FROM stdin;
\.


--
-- Data for Name: auth_user_groups; Type: TABLE DATA; Schema: public; Owner: user
--

COPY public.auth_user_groups (id, user_id, group_id) FROM stdin;
\.


--
-- Data for Name: auth_user_user_permissions; Type: TABLE DATA; Schema: public; Owner: user
--

COPY public.auth_user_user_permissions (id, user_id, permission_id) FROM stdin;
\.


--
-- Data for Name: django_admin_log; Type: TABLE DATA; Schema: public; Owner: user
--

COPY public.django_admin_log (id, action_time, object_id, object_repr, action_flag, change_message, content_type_id, user_id) FROM stdin;
\.


--
-- Data for Name: django_content_type; Type: TABLE DATA; Schema: public; Owner: user
--

COPY public.django_content_type (id, app_label, model) FROM stdin;
1	rcards_app	hypotheses
2	rcards_app	project
3	rcards_app	user
4	rcards_app	experiment
5	rcards_app	result
6	admin	logentry
7	auth	permission
8	auth	group
9	auth	user
10	contenttypes	contenttype
11	sessions	session
\.


--
-- Data for Name: django_migrations; Type: TABLE DATA; Schema: public; Owner: user
--

COPY public.django_migrations (id, app, name, applied) FROM stdin;
1	contenttypes	0001_initial	2025-09-22 19:16:42.380944+00
2	auth	0001_initial	2025-09-22 19:16:42.419447+00
3	admin	0001_initial	2025-09-22 19:16:42.437403+00
4	admin	0002_logentry_remove_auto_add	2025-09-22 19:16:42.445109+00
5	admin	0003_logentry_add_action_flag_choices	2025-09-22 19:16:42.453466+00
6	contenttypes	0002_remove_content_type_name	2025-09-22 19:16:42.46756+00
7	auth	0002_alter_permission_name_max_length	2025-09-22 19:16:42.477579+00
8	auth	0003_alter_user_email_max_length	2025-09-22 19:16:42.486527+00
9	auth	0004_alter_user_username_opts	2025-09-22 19:16:42.493743+00
10	auth	0005_alter_user_last_login_null	2025-09-22 19:16:42.502962+00
11	auth	0006_require_contenttypes_0002	2025-09-22 19:16:42.5074+00
12	auth	0007_alter_validators_add_error_messages	2025-09-22 19:16:42.5158+00
13	auth	0008_alter_user_username_max_length	2025-09-22 19:16:42.525931+00
14	auth	0009_alter_user_last_name_max_length	2025-09-22 19:16:42.537226+00
15	auth	0010_alter_group_name_max_length	2025-09-22 19:16:42.546258+00
16	auth	0011_update_proxy_permissions	2025-09-22 19:16:42.553528+00
17	auth	0012_alter_user_first_name_max_length	2025-09-22 19:16:42.562369+00
18	rcards_app	0001_initial	2025-09-22 19:16:42.603484+00
19	sessions	0001_initial	2025-09-22 19:16:42.615175+00
\.


--
-- Data for Name: django_session; Type: TABLE DATA; Schema: public; Owner: user
--

COPY public.django_session (session_key, session_data, expire_date) FROM stdin;
\.


--
-- Data for Name: rcards_app_experiment; Type: TABLE DATA; Schema: public; Owner: user
--

COPY public.rcards_app_experiment (id, description, created_at, updated_at, experiment_type, learning_rate, batch_size, epochs, hypothesis_id) FROM stdin;
1	This is the first experiment for Hypothesis 1	2025-09-22 19:17:13.929024+00	2025-09-22 19:17:13.933509+00	svm	0.01	32	10	1
2	This is the second experiment for Hypothesis 1 from Johnathy	2025-09-22 19:17:13.958653+00	2025-09-22 19:17:13.963535+00	rf	0.01	32	10	1
3	This is the first experiment for Hypothesis 2 from Jimothy	2025-09-22 19:17:13.989598+00	2025-09-22 19:17:13.993968+00	nn	0.01	32	10	2
4	This is the second experiment for Hypothesis 2 from Johnathy	2025-09-22 19:17:14.022928+00	2025-09-22 19:17:14.027884+00	nn	0.01	32	10	2
\.


--
-- Data for Name: rcards_app_hypotheses; Type: TABLE DATA; Schema: public; Owner: user
--

COPY public.rcards_app_hypotheses (id, title, commit, description, created_at, updated_at, project_id) FROM stdin;
1	Hypothesis 1 for Jimothy	abc1234	This is the first hypothesis for Jimothy	2025-09-22 19:17:13.845302+00	2025-09-22 19:17:13.849546+00	1
2	Hypothesis 2 from Johnathy	def5678	This is the second hypothesis for Johnathy	2025-09-22 19:17:13.875206+00	2025-09-22 19:17:13.879347+00	1
\.


--
-- Data for Name: rcards_app_project; Type: TABLE DATA; Schema: public; Owner: user
--

COPY public.rcards_app_project (id, name, description, created_at, updated_at, owner_id) FROM stdin;
2	Jimothy Project2	Another project for Jimothy	2025-09-22 19:17:13.660388+00	2025-09-22 19:17:13.664304+00	1
3	Johnathy Project	A project for Johnathy	2025-09-22 19:17:13.687792+00	2025-09-22 19:17:13.691761+00	2
4	Johnathy Project2	Another project for Johnathy	2025-09-22 19:17:13.714104+00	2025-09-22 19:17:13.719033+00	2
1	Jimothy Project	A project for Jimothy	2025-09-22 19:17:13.633218+00	2025-09-22 19:17:13.798207+00	1
\.


--
-- Data for Name: rcards_app_project_associated_users; Type: TABLE DATA; Schema: public; Owner: user
--

COPY public.rcards_app_project_associated_users (id, project_id, user_id) FROM stdin;
1	1	2
\.


--
-- Data for Name: rcards_app_result; Type: TABLE DATA; Schema: public; Owner: user
--

COPY public.rcards_app_result (id, accuracy, loss, "ROC", "PR_AUC", weights_path, training_time, created_at, updated_at, comment, experiment_id) FROM stdin;
1	0.95	0.05	0.9	0.95	s3://pathtoweights.pth	3600	2025-09-22 19:17:14.103643+00	2025-09-22 19:17:14.111495+00	Great results!	1
2	0.085	0.99	0	0	s3://pathtoweights.pth	3600	2025-09-22 19:17:14.137406+00	2025-09-22 19:17:14.140905+00	Very Bad results!	3
\.


--
-- Data for Name: rcards_app_user; Type: TABLE DATA; Schema: public; Owner: user
--

COPY public.rcards_app_user (id, username, api_key) FROM stdin;
1	jimothy	651625
2	johnathy	736120
\.


--
-- Name: auth_group_id_seq; Type: SEQUENCE SET; Schema: public; Owner: user
--

SELECT pg_catalog.setval('public.auth_group_id_seq', 1, false);


--
-- Name: auth_group_permissions_id_seq; Type: SEQUENCE SET; Schema: public; Owner: user
--

SELECT pg_catalog.setval('public.auth_group_permissions_id_seq', 1, false);


--
-- Name: auth_permission_id_seq; Type: SEQUENCE SET; Schema: public; Owner: user
--

SELECT pg_catalog.setval('public.auth_permission_id_seq', 44, true);


--
-- Name: auth_user_groups_id_seq; Type: SEQUENCE SET; Schema: public; Owner: user
--

SELECT pg_catalog.setval('public.auth_user_groups_id_seq', 1, false);


--
-- Name: auth_user_id_seq; Type: SEQUENCE SET; Schema: public; Owner: user
--

SELECT pg_catalog.setval('public.auth_user_id_seq', 1, false);


--
-- Name: auth_user_user_permissions_id_seq; Type: SEQUENCE SET; Schema: public; Owner: user
--

SELECT pg_catalog.setval('public.auth_user_user_permissions_id_seq', 1, false);


--
-- Name: django_admin_log_id_seq; Type: SEQUENCE SET; Schema: public; Owner: user
--

SELECT pg_catalog.setval('public.django_admin_log_id_seq', 1, false);


--
-- Name: django_content_type_id_seq; Type: SEQUENCE SET; Schema: public; Owner: user
--

SELECT pg_catalog.setval('public.django_content_type_id_seq', 11, true);


--
-- Name: django_migrations_id_seq; Type: SEQUENCE SET; Schema: public; Owner: user
--

SELECT pg_catalog.setval('public.django_migrations_id_seq', 19, true);


--
-- Name: rcards_app_experiment_id_seq; Type: SEQUENCE SET; Schema: public; Owner: user
--

SELECT pg_catalog.setval('public.rcards_app_experiment_id_seq', 58, true);


--
-- Name: rcards_app_hypotheses_id_seq; Type: SEQUENCE SET; Schema: public; Owner: user
--

SELECT pg_catalog.setval('public.rcards_app_hypotheses_id_seq', 23, true);


--
-- Name: rcards_app_project_associated_users_id_seq; Type: SEQUENCE SET; Schema: public; Owner: user
--

SELECT pg_catalog.setval('public.rcards_app_project_associated_users_id_seq', 1, true);


--
-- Name: rcards_app_project_id_seq; Type: SEQUENCE SET; Schema: public; Owner: user
--

SELECT pg_catalog.setval('public.rcards_app_project_id_seq', 11, true);


--
-- Name: rcards_app_result_id_seq; Type: SEQUENCE SET; Schema: public; Owner: user
--

SELECT pg_catalog.setval('public.rcards_app_result_id_seq', 41, true);


--
-- Name: rcards_app_user_id_seq; Type: SEQUENCE SET; Schema: public; Owner: user
--

SELECT pg_catalog.setval('public.rcards_app_user_id_seq', 2, true);


--
-- Name: auth_group auth_group_name_key; Type: CONSTRAINT; Schema: public; Owner: user
--

ALTER TABLE ONLY public.auth_group
    ADD CONSTRAINT auth_group_name_key UNIQUE (name);


--
-- Name: auth_group_permissions auth_group_permissions_group_id_permission_id_0cd325b0_uniq; Type: CONSTRAINT; Schema: public; Owner: user
--

ALTER TABLE ONLY public.auth_group_permissions
    ADD CONSTRAINT auth_group_permissions_group_id_permission_id_0cd325b0_uniq UNIQUE (group_id, permission_id);


--
-- Name: auth_group_permissions auth_group_permissions_pkey; Type: CONSTRAINT; Schema: public; Owner: user
--

ALTER TABLE ONLY public.auth_group_permissions
    ADD CONSTRAINT auth_group_permissions_pkey PRIMARY KEY (id);


--
-- Name: auth_group auth_group_pkey; Type: CONSTRAINT; Schema: public; Owner: user
--

ALTER TABLE ONLY public.auth_group
    ADD CONSTRAINT auth_group_pkey PRIMARY KEY (id);


--
-- Name: auth_permission auth_permission_content_type_id_codename_01ab375a_uniq; Type: CONSTRAINT; Schema: public; Owner: user
--

ALTER TABLE ONLY public.auth_permission
    ADD CONSTRAINT auth_permission_content_type_id_codename_01ab375a_uniq UNIQUE (content_type_id, codename);


--
-- Name: auth_permission auth_permission_pkey; Type: CONSTRAINT; Schema: public; Owner: user
--

ALTER TABLE ONLY public.auth_permission
    ADD CONSTRAINT auth_permission_pkey PRIMARY KEY (id);


--
-- Name: auth_user_groups auth_user_groups_pkey; Type: CONSTRAINT; Schema: public; Owner: user
--

ALTER TABLE ONLY public.auth_user_groups
    ADD CONSTRAINT auth_user_groups_pkey PRIMARY KEY (id);


--
-- Name: auth_user_groups auth_user_groups_user_id_group_id_94350c0c_uniq; Type: CONSTRAINT; Schema: public; Owner: user
--

ALTER TABLE ONLY public.auth_user_groups
    ADD CONSTRAINT auth_user_groups_user_id_group_id_94350c0c_uniq UNIQUE (user_id, group_id);


--
-- Name: auth_user auth_user_pkey; Type: CONSTRAINT; Schema: public; Owner: user
--

ALTER TABLE ONLY public.auth_user
    ADD CONSTRAINT auth_user_pkey PRIMARY KEY (id);


--
-- Name: auth_user_user_permissions auth_user_user_permissions_pkey; Type: CONSTRAINT; Schema: public; Owner: user
--

ALTER TABLE ONLY public.auth_user_user_permissions
    ADD CONSTRAINT auth_user_user_permissions_pkey PRIMARY KEY (id);


--
-- Name: auth_user_user_permissions auth_user_user_permissions_user_id_permission_id_14a6b632_uniq; Type: CONSTRAINT; Schema: public; Owner: user
--

ALTER TABLE ONLY public.auth_user_user_permissions
    ADD CONSTRAINT auth_user_user_permissions_user_id_permission_id_14a6b632_uniq UNIQUE (user_id, permission_id);


--
-- Name: auth_user auth_user_username_key; Type: CONSTRAINT; Schema: public; Owner: user
--

ALTER TABLE ONLY public.auth_user
    ADD CONSTRAINT auth_user_username_key UNIQUE (username);


--
-- Name: django_admin_log django_admin_log_pkey; Type: CONSTRAINT; Schema: public; Owner: user
--

ALTER TABLE ONLY public.django_admin_log
    ADD CONSTRAINT django_admin_log_pkey PRIMARY KEY (id);


--
-- Name: django_content_type django_content_type_app_label_model_76bd3d3b_uniq; Type: CONSTRAINT; Schema: public; Owner: user
--

ALTER TABLE ONLY public.django_content_type
    ADD CONSTRAINT django_content_type_app_label_model_76bd3d3b_uniq UNIQUE (app_label, model);


--
-- Name: django_content_type django_content_type_pkey; Type: CONSTRAINT; Schema: public; Owner: user
--

ALTER TABLE ONLY public.django_content_type
    ADD CONSTRAINT django_content_type_pkey PRIMARY KEY (id);


--
-- Name: django_migrations django_migrations_pkey; Type: CONSTRAINT; Schema: public; Owner: user
--

ALTER TABLE ONLY public.django_migrations
    ADD CONSTRAINT django_migrations_pkey PRIMARY KEY (id);


--
-- Name: django_session django_session_pkey; Type: CONSTRAINT; Schema: public; Owner: user
--

ALTER TABLE ONLY public.django_session
    ADD CONSTRAINT django_session_pkey PRIMARY KEY (session_key);


--
-- Name: rcards_app_experiment rcards_app_experiment_pkey; Type: CONSTRAINT; Schema: public; Owner: user
--

ALTER TABLE ONLY public.rcards_app_experiment
    ADD CONSTRAINT rcards_app_experiment_pkey PRIMARY KEY (id);


--
-- Name: rcards_app_hypotheses rcards_app_hypotheses_pkey; Type: CONSTRAINT; Schema: public; Owner: user
--

ALTER TABLE ONLY public.rcards_app_hypotheses
    ADD CONSTRAINT rcards_app_hypotheses_pkey PRIMARY KEY (id);


--
-- Name: rcards_app_project_associated_users rcards_app_project_assoc_project_id_user_id_f03d9043_uniq; Type: CONSTRAINT; Schema: public; Owner: user
--

ALTER TABLE ONLY public.rcards_app_project_associated_users
    ADD CONSTRAINT rcards_app_project_assoc_project_id_user_id_f03d9043_uniq UNIQUE (project_id, user_id);


--
-- Name: rcards_app_project_associated_users rcards_app_project_associated_users_pkey; Type: CONSTRAINT; Schema: public; Owner: user
--

ALTER TABLE ONLY public.rcards_app_project_associated_users
    ADD CONSTRAINT rcards_app_project_associated_users_pkey PRIMARY KEY (id);


--
-- Name: rcards_app_project rcards_app_project_name_key; Type: CONSTRAINT; Schema: public; Owner: user
--

ALTER TABLE ONLY public.rcards_app_project
    ADD CONSTRAINT rcards_app_project_name_key UNIQUE (name);


--
-- Name: rcards_app_project rcards_app_project_pkey; Type: CONSTRAINT; Schema: public; Owner: user
--

ALTER TABLE ONLY public.rcards_app_project
    ADD CONSTRAINT rcards_app_project_pkey PRIMARY KEY (id);


--
-- Name: rcards_app_result rcards_app_result_pkey; Type: CONSTRAINT; Schema: public; Owner: user
--

ALTER TABLE ONLY public.rcards_app_result
    ADD CONSTRAINT rcards_app_result_pkey PRIMARY KEY (id);


--
-- Name: rcards_app_user rcards_app_user_api_key_key; Type: CONSTRAINT; Schema: public; Owner: user
--

ALTER TABLE ONLY public.rcards_app_user
    ADD CONSTRAINT rcards_app_user_api_key_key UNIQUE (api_key);


--
-- Name: rcards_app_user rcards_app_user_pkey; Type: CONSTRAINT; Schema: public; Owner: user
--

ALTER TABLE ONLY public.rcards_app_user
    ADD CONSTRAINT rcards_app_user_pkey PRIMARY KEY (id);


--
-- Name: rcards_app_user rcards_app_user_username_key; Type: CONSTRAINT; Schema: public; Owner: user
--

ALTER TABLE ONLY public.rcards_app_user
    ADD CONSTRAINT rcards_app_user_username_key UNIQUE (username);


--
-- Name: auth_group_name_a6ea08ec_like; Type: INDEX; Schema: public; Owner: user
--

CREATE INDEX auth_group_name_a6ea08ec_like ON public.auth_group USING btree (name varchar_pattern_ops);


--
-- Name: auth_group_permissions_group_id_b120cbf9; Type: INDEX; Schema: public; Owner: user
--

CREATE INDEX auth_group_permissions_group_id_b120cbf9 ON public.auth_group_permissions USING btree (group_id);


--
-- Name: auth_group_permissions_permission_id_84c5c92e; Type: INDEX; Schema: public; Owner: user
--

CREATE INDEX auth_group_permissions_permission_id_84c5c92e ON public.auth_group_permissions USING btree (permission_id);


--
-- Name: auth_permission_content_type_id_2f476e4b; Type: INDEX; Schema: public; Owner: user
--

CREATE INDEX auth_permission_content_type_id_2f476e4b ON public.auth_permission USING btree (content_type_id);


--
-- Name: auth_user_groups_group_id_97559544; Type: INDEX; Schema: public; Owner: user
--

CREATE INDEX auth_user_groups_group_id_97559544 ON public.auth_user_groups USING btree (group_id);


--
-- Name: auth_user_groups_user_id_6a12ed8b; Type: INDEX; Schema: public; Owner: user
--

CREATE INDEX auth_user_groups_user_id_6a12ed8b ON public.auth_user_groups USING btree (user_id);


--
-- Name: auth_user_user_permissions_permission_id_1fbb5f2c; Type: INDEX; Schema: public; Owner: user
--

CREATE INDEX auth_user_user_permissions_permission_id_1fbb5f2c ON public.auth_user_user_permissions USING btree (permission_id);


--
-- Name: auth_user_user_permissions_user_id_a95ead1b; Type: INDEX; Schema: public; Owner: user
--

CREATE INDEX auth_user_user_permissions_user_id_a95ead1b ON public.auth_user_user_permissions USING btree (user_id);


--
-- Name: auth_user_username_6821ab7c_like; Type: INDEX; Schema: public; Owner: user
--

CREATE INDEX auth_user_username_6821ab7c_like ON public.auth_user USING btree (username varchar_pattern_ops);


--
-- Name: django_admin_log_content_type_id_c4bce8eb; Type: INDEX; Schema: public; Owner: user
--

CREATE INDEX django_admin_log_content_type_id_c4bce8eb ON public.django_admin_log USING btree (content_type_id);


--
-- Name: django_admin_log_user_id_c564eba6; Type: INDEX; Schema: public; Owner: user
--

CREATE INDEX django_admin_log_user_id_c564eba6 ON public.django_admin_log USING btree (user_id);


--
-- Name: django_session_expire_date_a5c62663; Type: INDEX; Schema: public; Owner: user
--

CREATE INDEX django_session_expire_date_a5c62663 ON public.django_session USING btree (expire_date);


--
-- Name: django_session_session_key_c0390e0f_like; Type: INDEX; Schema: public; Owner: user
--

CREATE INDEX django_session_session_key_c0390e0f_like ON public.django_session USING btree (session_key varchar_pattern_ops);


--
-- Name: rcards_app_experiment_hypothesis_id_b0680893; Type: INDEX; Schema: public; Owner: user
--

CREATE INDEX rcards_app_experiment_hypothesis_id_b0680893 ON public.rcards_app_experiment USING btree (hypothesis_id);


--
-- Name: rcards_app_hypotheses_project_id_7973d9ec; Type: INDEX; Schema: public; Owner: user
--

CREATE INDEX rcards_app_hypotheses_project_id_7973d9ec ON public.rcards_app_hypotheses USING btree (project_id);


--
-- Name: rcards_app_project_associated_users_project_id_ce207451; Type: INDEX; Schema: public; Owner: user
--

CREATE INDEX rcards_app_project_associated_users_project_id_ce207451 ON public.rcards_app_project_associated_users USING btree (project_id);


--
-- Name: rcards_app_project_associated_users_user_id_6d99e63a; Type: INDEX; Schema: public; Owner: user
--

CREATE INDEX rcards_app_project_associated_users_user_id_6d99e63a ON public.rcards_app_project_associated_users USING btree (user_id);


--
-- Name: rcards_app_project_name_ba3e2d6f_like; Type: INDEX; Schema: public; Owner: user
--

CREATE INDEX rcards_app_project_name_ba3e2d6f_like ON public.rcards_app_project USING btree (name varchar_pattern_ops);


--
-- Name: rcards_app_project_owner_id_ce91e11d; Type: INDEX; Schema: public; Owner: user
--

CREATE INDEX rcards_app_project_owner_id_ce91e11d ON public.rcards_app_project USING btree (owner_id);


--
-- Name: rcards_app_result_experiment_id_1b05bab0; Type: INDEX; Schema: public; Owner: user
--

CREATE INDEX rcards_app_result_experiment_id_1b05bab0 ON public.rcards_app_result USING btree (experiment_id);


--
-- Name: rcards_app_user_api_key_2e5d6bc4_like; Type: INDEX; Schema: public; Owner: user
--

CREATE INDEX rcards_app_user_api_key_2e5d6bc4_like ON public.rcards_app_user USING btree (api_key varchar_pattern_ops);


--
-- Name: rcards_app_user_username_26b0abd2_like; Type: INDEX; Schema: public; Owner: user
--

CREATE INDEX rcards_app_user_username_26b0abd2_like ON public.rcards_app_user USING btree (username varchar_pattern_ops);


--
-- Name: auth_group_permissions auth_group_permissio_permission_id_84c5c92e_fk_auth_perm; Type: FK CONSTRAINT; Schema: public; Owner: user
--

ALTER TABLE ONLY public.auth_group_permissions
    ADD CONSTRAINT auth_group_permissio_permission_id_84c5c92e_fk_auth_perm FOREIGN KEY (permission_id) REFERENCES public.auth_permission(id) DEFERRABLE INITIALLY DEFERRED;


--
-- Name: auth_group_permissions auth_group_permissions_group_id_b120cbf9_fk_auth_group_id; Type: FK CONSTRAINT; Schema: public; Owner: user
--

ALTER TABLE ONLY public.auth_group_permissions
    ADD CONSTRAINT auth_group_permissions_group_id_b120cbf9_fk_auth_group_id FOREIGN KEY (group_id) REFERENCES public.auth_group(id) DEFERRABLE INITIALLY DEFERRED;


--
-- Name: auth_permission auth_permission_content_type_id_2f476e4b_fk_django_co; Type: FK CONSTRAINT; Schema: public; Owner: user
--

ALTER TABLE ONLY public.auth_permission
    ADD CONSTRAINT auth_permission_content_type_id_2f476e4b_fk_django_co FOREIGN KEY (content_type_id) REFERENCES public.django_content_type(id) DEFERRABLE INITIALLY DEFERRED;


--
-- Name: auth_user_groups auth_user_groups_group_id_97559544_fk_auth_group_id; Type: FK CONSTRAINT; Schema: public; Owner: user
--

ALTER TABLE ONLY public.auth_user_groups
    ADD CONSTRAINT auth_user_groups_group_id_97559544_fk_auth_group_id FOREIGN KEY (group_id) REFERENCES public.auth_group(id) DEFERRABLE INITIALLY DEFERRED;


--
-- Name: auth_user_groups auth_user_groups_user_id_6a12ed8b_fk_auth_user_id; Type: FK CONSTRAINT; Schema: public; Owner: user
--

ALTER TABLE ONLY public.auth_user_groups
    ADD CONSTRAINT auth_user_groups_user_id_6a12ed8b_fk_auth_user_id FOREIGN KEY (user_id) REFERENCES public.auth_user(id) DEFERRABLE INITIALLY DEFERRED;


--
-- Name: auth_user_user_permissions auth_user_user_permi_permission_id_1fbb5f2c_fk_auth_perm; Type: FK CONSTRAINT; Schema: public; Owner: user
--

ALTER TABLE ONLY public.auth_user_user_permissions
    ADD CONSTRAINT auth_user_user_permi_permission_id_1fbb5f2c_fk_auth_perm FOREIGN KEY (permission_id) REFERENCES public.auth_permission(id) DEFERRABLE INITIALLY DEFERRED;


--
-- Name: auth_user_user_permissions auth_user_user_permissions_user_id_a95ead1b_fk_auth_user_id; Type: FK CONSTRAINT; Schema: public; Owner: user
--

ALTER TABLE ONLY public.auth_user_user_permissions
    ADD CONSTRAINT auth_user_user_permissions_user_id_a95ead1b_fk_auth_user_id FOREIGN KEY (user_id) REFERENCES public.auth_user(id) DEFERRABLE INITIALLY DEFERRED;


--
-- Name: django_admin_log django_admin_log_content_type_id_c4bce8eb_fk_django_co; Type: FK CONSTRAINT; Schema: public; Owner: user
--

ALTER TABLE ONLY public.django_admin_log
    ADD CONSTRAINT django_admin_log_content_type_id_c4bce8eb_fk_django_co FOREIGN KEY (content_type_id) REFERENCES public.django_content_type(id) DEFERRABLE INITIALLY DEFERRED;


--
-- Name: django_admin_log django_admin_log_user_id_c564eba6_fk_auth_user_id; Type: FK CONSTRAINT; Schema: public; Owner: user
--

ALTER TABLE ONLY public.django_admin_log
    ADD CONSTRAINT django_admin_log_user_id_c564eba6_fk_auth_user_id FOREIGN KEY (user_id) REFERENCES public.auth_user(id) DEFERRABLE INITIALLY DEFERRED;


--
-- Name: rcards_app_experiment rcards_app_experimen_hypothesis_id_b0680893_fk_rcards_ap; Type: FK CONSTRAINT; Schema: public; Owner: user
--

ALTER TABLE ONLY public.rcards_app_experiment
    ADD CONSTRAINT rcards_app_experimen_hypothesis_id_b0680893_fk_rcards_ap FOREIGN KEY (hypothesis_id) REFERENCES public.rcards_app_hypotheses(id) DEFERRABLE INITIALLY DEFERRED;


--
-- Name: rcards_app_hypotheses rcards_app_hypothese_project_id_7973d9ec_fk_rcards_ap; Type: FK CONSTRAINT; Schema: public; Owner: user
--

ALTER TABLE ONLY public.rcards_app_hypotheses
    ADD CONSTRAINT rcards_app_hypothese_project_id_7973d9ec_fk_rcards_ap FOREIGN KEY (project_id) REFERENCES public.rcards_app_project(id) DEFERRABLE INITIALLY DEFERRED;


--
-- Name: rcards_app_project_associated_users rcards_app_project_a_project_id_ce207451_fk_rcards_ap; Type: FK CONSTRAINT; Schema: public; Owner: user
--

ALTER TABLE ONLY public.rcards_app_project_associated_users
    ADD CONSTRAINT rcards_app_project_a_project_id_ce207451_fk_rcards_ap FOREIGN KEY (project_id) REFERENCES public.rcards_app_project(id) DEFERRABLE INITIALLY DEFERRED;


--
-- Name: rcards_app_project_associated_users rcards_app_project_a_user_id_6d99e63a_fk_rcards_ap; Type: FK CONSTRAINT; Schema: public; Owner: user
--

ALTER TABLE ONLY public.rcards_app_project_associated_users
    ADD CONSTRAINT rcards_app_project_a_user_id_6d99e63a_fk_rcards_ap FOREIGN KEY (user_id) REFERENCES public.rcards_app_user(id) DEFERRABLE INITIALLY DEFERRED;


--
-- Name: rcards_app_project rcards_app_project_owner_id_ce91e11d_fk_rcards_app_user_id; Type: FK CONSTRAINT; Schema: public; Owner: user
--

ALTER TABLE ONLY public.rcards_app_project
    ADD CONSTRAINT rcards_app_project_owner_id_ce91e11d_fk_rcards_app_user_id FOREIGN KEY (owner_id) REFERENCES public.rcards_app_user(id) DEFERRABLE INITIALLY DEFERRED;


--
-- Name: rcards_app_result rcards_app_result_experiment_id_1b05bab0_fk_rcards_ap; Type: FK CONSTRAINT; Schema: public; Owner: user
--

ALTER TABLE ONLY public.rcards_app_result
    ADD CONSTRAINT rcards_app_result_experiment_id_1b05bab0_fk_rcards_ap FOREIGN KEY (experiment_id) REFERENCES public.rcards_app_experiment(id) DEFERRABLE INITIALLY DEFERRED;


--
-- PostgreSQL database dump complete
--

\unrestrict RgK4VmfuqhdlOp0pxAGXhYvCKruWwfCqbJ8WOb8DraGxpK6af44YxkhDDugQe3V

